feature,importance
skin_temperature,0.1517566215333003
total_sleep,0.1449614088170929
blood_sugar,0.14459291330976393
light_sleep,0.13959658155277285
walk,0.13552036170306922
rem_sleep,0.11481569393679791
heart_beat,0.11001767037426993
stick_sensor,0.10125736109885287
hrv,0.08880203651225331
oxygen_saturation,0.07914015624400801
