feature,importance
skin_temperature,0.14424074366869094
light_sleep,0.13948168258614596
blood_sugar,0.13752273364967937
body_temperature,0.1362320596900795
walk,0.12274251054260746
rem_sleep,0.1150068307598488
heart_beat,0.11060504558156656
stick_sensor,0.08945117210484432
hrv,0.08439684502030986
oxygen_saturation,0.08251221948876009
