feature,importance
skin_temperature,0.152471600322062
body_temperature,0.14532793615769443
total_sleep,0.14463844279859334
walk,0.1334202836939096
deep_sleep,0.11566972622720612
rem_sleep,0.11486322492431213
heart_beat,0.10487277009236393
stick_sensor,0.09869437254974109
hrv,0.08998541559623609
oxygen_saturation,0.0809272066640449
