target,original_cindex,polar_cindex,difference
anxiety,0.5334,0.6996,0.16620000000000001
depression,0.5397,0.6834,0.14370000000000005
stress,0.5351,0.6687,0.13359999999999994
