좌표계,Anxiety,Depression,Stress,평균,Anxiety_개선율,Depression_개선율,Stress_개선율,평균_개선율
원본,0.5334,0.5397,0.5351,0.5360666666666667,0.0,0.0,0.0,0.0
극좌표,0.6996,0.6834,0.6687,0.6839,31.16,26.63,24.97,27.58
표준화 극좌표,0.6815,0.7199,0.7149,0.7054333333333332,27.77,33.39,33.6,31.59
구면좌표,0.6897,0.6891,0.673,0.6839333333333334,29.3,27.68,25.77,27.58
표준화 구면좌표,0.685,0.715,0.7216,0.7071999999999999,28.42,32.48,34.85,31.92
원통좌표,0.6825,0.6863,0.6839,0.6842333333333332,27.95,27.16,27.81,27.64
표준화 원통좌표,0.68,0.71,0.718,0.7026666666666667,27.48,31.55,34.18,31.08
