target,method,accuracy,precision,recall,f1_score,roc_auc
anxiety,Ensemble,0.8333986671893375,0.10909090909090909,0.09486166007905138,0.1014799154334038,0.5489126134772633
depression,Ensemble,0.8205029013539652,0.12133891213389121,0.10247349823321555,0.11111111111111112,0.5314958877362749
stress,Ensemble,0.7471306923361718,0.21578947368421053,0.17558886509635974,0.1936245572609209,0.5348953011565469
