target_variable,total_samples,positive_class,negative_class,positive_ratio
anxiety,251658,16510,235148,6.560490824849598
depression,14798,7018,7780,47.425327746992835
stress,14682,3610,11072,24.58793079961858
